{
    "yolo": {
        "run_id": "6a5302a535c5446eacf654138c19c63f",
        "mAP50": 0.261945110146948,
        "mAP50-95": 0.43726195652745153,
        "precision": 0.7981440744778507,
        "recall": 0.30770124774993607,
        "timestamp": "2026-05-10T10:58:44.078565"
    }
}