{
    "mobilenetv2": {
        "accuracy": 0.36923076923076925,
        "precision": 0.38807234989871087,
        "recall": 0.36923076923076925,
        "f1_score": 0.36152589877361274,
        "inference_time_sec": 27.44451928138733
    }
}